,ep,test
0,1,10.635807916522026
1,2,10.176661178469658
2,4,9.843499332666397
3,6,8.937962427735329
4,7,8.926604315638542
5,8,8.896451815962791
6,10,7.740106254816055
7,13,6.990165181457996
8,19,6.85945350676775
9,29,6.966921180486679
10,30,6.024522736668587
11,37,6.211993686854839
12,40,6.209513060748577
13,42,5.947168618440628
