,ep,test
0,1,11.539370611310005
1,3,10.834305882453918
2,4,10.10103753209114
3,5,9.91992962360382
4,6,8.909887850284576
5,7,8.851213902235031
6,8,8.84109915792942
7,9,8.271952152252197
8,10,8.216766335070133
9,13,7.5044185519218445
10,15,7.11720697581768
11,18,6.787846930325031
12,19,6.686244115233421
13,21,6.665313854813576
14,40,6.515421934425831
15,43,6.1077854707837105
16,50,6.12751617282629
17,53,6.209147833287716
18,115,6.4070803970098495
